partition,loss,tp,fp,tn,fn,accuracy,precision,recall,auc
train,0.3237005455082638,11763,1284,6925,1830,0.8571690670580681,0.901586571625661,0.8653718825866255,0.9338301817565217
val,0.49382731729359575,3303,687,2371,1030,0.7676904343120011,0.8278195488721805,0.7622894068774521,0.8509957952694555
test,0.547529444962308,3843,957,2377,1103,0.751207729468599,0.800625,0.7769915082895269,0.8219821765529627
